"url","file"
"https://res.cloudinary.com/dkffwzpba/image/upload/v1775614404/ExitSmilingLOGO-Black-TransparentBackground_mnwlqy.png","ExitSmilingLOGO-Black-TransparentBackground_mnwlqy.png"
"https://res.cloudinary.com/dkffwzpba/image/upload/v1775614405/ExitSmilingLOGO-Yellow-TransparentBackground_ccivvd.png","ExitSmilingLOGO-Yellow-TransparentBackground_ccivvd.png"
"https://res.cloudinary.com/dkffwzpba/image/upload/v1775615239/copy_of_exitsmilinglogo-white-blackbackground_qzq2fa_c8b4fb.png","copy_of_exitsmilinglogo-white-blackbackground_qzq2fa_c8b4fb.png"
"https://res.cloudinary.com/dkffwzpba/image/upload/v1775615928/Exit_Smiling_-_02_jp3xuz.jpg","Exit_Smiling_-_02_jp3xuz.jpg"
"https://res.cloudinary.com/dkffwzpba/image/upload/v1775615928/Exit_Smiling_-_05b_ika3gn.jpg","Exit_Smiling_-_05b_ika3gn.jpg"
"https://res.cloudinary.com/dkffwzpba/image/upload/v1775615934/Exit_Smiling_-_05_avhs0w.jpg","Exit_Smiling_-_05_avhs0w.jpg"
"https://res.cloudinary.com/dkffwzpba/image/upload/v1775615939/Exit_Smiling_-_03_kbggnz.jpg","Exit_Smiling_-_03_kbggnz.jpg"
"https://res.cloudinary.com/dkffwzpba/image/upload/v1775615943/Exit_Smiling_-_01b_aiag6j.jpg","Exit_Smiling_-_01b_aiag6j.jpg"
"https://res.cloudinary.com/dkffwzpba/image/upload/v1775621525/Screenshot_2026-04-08_141112_q6uhq9.png","Screenshot_2026-04-08_141112_q6uhq9.png"
"https://res.cloudinary.com/dkffwzpba/image/upload/v1775622030/Exit_Smiling_-_03b_yzf01a.jpg","Exit_Smiling_-_03b_yzf01a.jpg"
"https://res.cloudinary.com/dkffwzpba/image/upload/v1775622141/Exit_Smiling_-_03b-lando_ynxwqw.jpg","Exit_Smiling_-_03b-lando_ynxwqw.jpg"
"https://res.cloudinary.com/dkffwzpba/image/upload/v1775622887/Exit_Smiling_-_03-julian_wxjhwb.jpg","Exit_Smiling_-_03-julian_wxjhwb.jpg"
"https://res.cloudinary.com/dkffwzpba/image/upload/v1775625623/Exit_Smiling_-_Live_Photo_01_lj5nhg.jpg","Exit_Smiling_-_Live_Photo_01_lj5nhg.jpg"
"https://res.cloudinary.com/dkffwzpba/image/upload/v1775625733/copy_of_exit_smiling_-_live_photo_03_z80ybc_e8e030.jpg","copy_of_exit_smiling_-_live_photo_03_z80ybc_e8e030.jpg"
"https://res.cloudinary.com/dkffwzpba/image/upload/v1776054716/exit_smiling_cover_rounded_yktcc1.png","exit_smiling_cover_rounded_yktcc1.png"
"https://res.cloudinary.com/dkffwzpba/image/upload/v1776055890/Lost_in_space_found_in_you_nudvc3.png","Lost_in_space_found_in_you_nudvc3.png"
"https://res.cloudinary.com/dkffwzpba/image/upload/v1776074427/Screenshot_2026-04-13_195808_ewpool.png","Screenshot_2026-04-13_195808_ewpool.png"
"https://res.cloudinary.com/dkffwzpba/image/upload/v1776113173/Colorful__Exit_Smiling__T-shirts_display_j5gm3q.png","Colorful__Exit_Smiling__T-shirts_display_j5gm3q.png"
"https://res.cloudinary.com/dkffwzpba/image/upload/v1776116501/Exit_Smiling_band_at_twilight_n6dn9n.png","Exit_Smiling_band_at_twilight_n6dn9n.png"
"https://res.cloudinary.com/dkffwzpba/image/upload/v1776197355/lostinnnyouthumbnail_pecy9q.png","lostinnnyouthumbnail_pecy9q.png"
"https://res.cloudinary.com/dkffwzpba/image/upload/v1776205411/cadennceesversionnthumbnnail_stpw6w.png","cadennceesversionnthumbnnail_stpw6w.png"
"https://res.cloudinary.com/dkffwzpba/image/upload/v1776305886/copy_of_exitsmilinglogo-white-blackbackground_qzq2fa_c8b4fb.png","copy_of_exitsmilinglogo-white-blackbackground_qzq2fa_c8b4fb.png"
"https://res.cloudinary.com/dkffwzpba/image/upload/v1777173329/max_asleep_tht95m.jpg","max_asleep_tht95m.jpg"
"https://res.cloudinary.com/dkffwzpba/image/upload/v1777174022/joey_helmet_qu5nid.jpg","joey_helmet_qu5nid.jpg"
"https://res.cloudinary.com/dkffwzpba/image/upload/v1777178649/band_bio_2_zy1uqv.jpg","band_bio_2_zy1uqv.jpg"
"https://res.cloudinary.com/dkffwzpba/image/upload/v1777223171/max_soccer_z1wxim.jpg","max_soccer_z1wxim.jpg"
"https://res.cloudinary.com/dkffwzpba/image/upload/v1777223763/max_logo_shirt_lvc2cy.jpg","max_logo_shirt_lvc2cy.jpg"
"https://res.cloudinary.com/dkffwzpba/image/upload/v1777225092/545094081_1354974783302185_1251938289003598998_n_nqn2or.jpg","545094081_1354974783302185_1251938289003598998_n_nqn2or.jpg"
"https://res.cloudinary.com/dkffwzpba/image/upload/v1777225102/678288251_1559201329546195_9058621081292561778_n_dkblaj.jpg","678288251_1559201329546195_9058621081292561778_n_dkblaj.jpg"
"https://res.cloudinary.com/dkffwzpba/image/upload/v1777225147/archie_smokey_dans_nknyj5.jpg","archie_smokey_dans_nknyj5.jpg"
"https://res.cloudinary.com/dkffwzpba/image/upload/v1777225190/IMG_0835_b1otk4.jpg","IMG_0835_b1otk4.jpg"
"https://res.cloudinary.com/dkffwzpba/image/upload/v1777242237/BOBS_q8x6y3.jpg","BOBS_q8x6y3.jpg"
"https://res.cloudinary.com/dkffwzpba/image/upload/v1777244900/Naroomaoysterfestivalexitsmilinggigposter_anrfip.png","Naroomaoysterfestivalexitsmilinggigposter_anrfip.png"
"https://res.cloudinary.com/dkffwzpba/image/upload/v1777245825/oystercovegigposter_uxbdpg.png","oystercovegigposter_uxbdpg.png"
"https://res.cloudinary.com/dkffwzpba/image/upload/v1777246184/max_ski_gqtsvm.jpg","max_ski_gqtsvm.jpg"
"https://res.cloudinary.com/dkffwzpba/image/upload/v1777246858/max_team_labo_xxkzgc.jpg","max_team_labo_xxkzgc.jpg"
"https://res.cloudinary.com/dkffwzpba/image/upload/v1777247367/max_fishing_xqq7wb.jpg","max_fishing_xqq7wb.jpg"
"https://res.cloudinary.com/dkffwzpba/image/upload/v1777247576/max_soccer_2_l8neun.jpg","max_soccer_2_l8neun.jpg"
"https://res.cloudinary.com/dkffwzpba/image/upload/v1777247857/max_fishing_2_uygwgl.jpg","max_fishing_2_uygwgl.jpg"
"https://res.cloudinary.com/dkffwzpba/image/upload/v1777259171/joey_flying_wwqh15.jpg","joey_flying_wwqh15.jpg"
"https://res.cloudinary.com/dkffwzpba/image/upload/v1777259729/joey_fender_cxctl2.jpg","joey_fender_cxctl2.jpg"
"https://res.cloudinary.com/dkffwzpba/image/upload/v1777272233/starfishdeli_gig_poster_2_gz3yyv.png","starfishdeli_gig_poster_2_gz3yyv.png"
"https://res.cloudinary.com/dkffwzpba/image/upload/v1777273781/hometwonhero_flzp8o.png","hometwonhero_flzp8o.png"
"https://res.cloudinary.com/dkffwzpba/video/upload/so_2/cadence_bio_clip_sxvvyh.jpg","cadence_bio_clip_sxvvyh.jpg"
"https://res.cloudinary.com/dkffwzpba/video/upload/so_2/JD_drums_bg1bg6.jpg","JD_drums_bg1bg6.jpg"
"https://res.cloudinary.com/dkffwzpba/video/upload/so_2/joey_hendrix_wj6jsu.jpg","joey_hendrix_wj6jsu.jpg"
"https://res.cloudinary.com/dkffwzpba/video/upload/so_2/joey_ts_o6r3ma.jpg","joey_ts_o6r3ma.jpg"
"https://res.cloudinary.com/dkffwzpba/video/upload/so_2/joey_wakesurfing_nfxtqj.jpg","joey_wakesurfing_nfxtqj.jpg"
"https://res.cloudinary.com/dkffwzpba/video/upload/so_2/lando_bombtrack_cuseb2.jpg","lando_bombtrack_cuseb2.jpg"
"https://res.cloudinary.com/dkffwzpba/video/upload/so_2/max_bass_pedz6b.jpg","max_bass_pedz6b.jpg"
"https://res.cloudinary.com/dkffwzpba/video/upload/so_2/max_fendertokyo_qodsws.jpg","max_fendertokyo_qodsws.jpg"
"https://res.cloudinary.com/dkffwzpba/video/upload/so_2/max_jamberoo_giorua.jpg","max_jamberoo_giorua.jpg"
"https://res.cloudinary.com/dkffwzpba/video/upload/so_2/max_waterslide_neqc0a.jpg","max_waterslide_neqc0a.jpg"
"https://res.cloudinary.com/dkffwzpba/video/upload/so_4/band_bio_n5bkm7.jpg","band_bio_n5bkm7.jpg"
"https://res.cloudinary.com/dkffwzpba/video/upload/so_4/joeysnowcat_whfx9o.jpg","joeysnowcat_whfx9o.jpg"
"https://res.cloudinary.com/dkffwzpba/video/upload/v1776069327/bombtrack_4_xfxuvd.mp4","bombtrack_4_xfxuvd.mp4"
"https://res.cloudinary.com/dkffwzpba/video/upload/v1776197722/LIY_czohda.mp4","LIY_czohda.mp4"
"https://res.cloudinary.com/dkffwzpba/video/upload/v1776205381/cadenceESversion_idciep.mp4","cadenceESversion_idciep.mp4"
"https://res.cloudinary.com/dkffwzpba/video/upload/v1777152126/joey_bombtrack_fp1sz9.mp4","joey_bombtrack_fp1sz9.mp4"
"https://res.cloudinary.com/dkffwzpba/video/upload/v1777153684/lando_bombtrack_cuseb2.mp4","lando_bombtrack_cuseb2.mp4"
"https://res.cloudinary.com/dkffwzpba/video/upload/v1777165207/socials_professional_impact_720_lzrocb.mp4","socials_professional_impact_720_lzrocb.mp4"
"https://res.cloudinary.com/dkffwzpba/video/upload/v1777172335/band_bio_n5bkm7.mp4","band_bio_n5bkm7.mp4"
"https://res.cloudinary.com/dkffwzpba/video/upload/v1777252242/joeysnowcat_whfx9o.mp4","joeysnowcat_whfx9o.mp4"
"https://res.cloudinary.com/dkffwzpba/video/upload/v1777253439/joey_hendrix_wj6jsu.mp4","joey_hendrix_wj6jsu.mp4"
"https://res.cloudinary.com/dkffwzpba/video/upload/v1777257286/JD_drums_bg1bg6.mp4","JD_drums_bg1bg6.mp4"
"https://res.cloudinary.com/dkffwzpba/video/upload/v1777258191/merch_rotation_woman_brpnmy.mp4","merch_rotation_woman_brpnmy.mp4"
"https://res.cloudinary.com/dkffwzpba/video/upload/v1777260496/joey_ts_o6r3ma.mov","joey_ts_o6r3ma.mov"
"https://res.cloudinary.com/dkffwzpba/video/upload/v1777261582/joey_wakesurfing_nfxtqj.mov","joey_wakesurfing_nfxtqj.mov"
"https://res.cloudinary.com/dkffwzpba/video/upload/v1777265239/max_waterslide_neqc0a.mp4","max_waterslide_neqc0a.mp4"
"https://res.cloudinary.com/dkffwzpba/video/upload/v1777265240/max_fendertokyo_qodsws.mp4","max_fendertokyo_qodsws.mp4"
"https://res.cloudinary.com/dkffwzpba/video/upload/v1777265241/max_jamberoo_giorua.mp4","max_jamberoo_giorua.mp4"
"https://res.cloudinary.com/dkffwzpba/video/upload/v1777267831/max_bass_pedz6b.mp4","max_bass_pedz6b.mp4"
"https://res.cloudinary.com/dkffwzpba/video/upload/v1777270913/cadence_bio_clip_sxvvyh.mp4","cadence_bio_clip_sxvvyh.mp4"
"https://res.cloudinary.com/dkffwzpba/video/upload/v1777275358/cadence_1_ltneql.mp4","cadence_1_ltneql.mp4"
